{
    "red": [
        [
            0.0,
            0.8,
            0.8
        ],
        [
            0.06666666666666667,
            0.0,
            0.0
        ],
        [
            0.13333333333333333,
            0.0,
            0.0
        ],
        [
            0.2,
            0.0,
            0.0
        ],
        [
            0.26666666666666666,
            0.0,
            0.0
        ],
        [
            0.3333333333333333,
            0.2,
            0.2
        ],
        [
            0.4,
            0.0,
            0.0
        ],
        [
            0.4666666666666667,
            1.0,
            1.0
        ],
        [
            0.5333333333333333,
            1.0,
            1.0
        ],
        [
            0.6,
            1.0,
            1.0
        ],
        [
            0.6666666666666666,
            1.0,
            1.0
        ],
        [
            0.7333333333333333,
            1.0,
            1.0
        ],
        [
            0.8,
            0.8,
            0.8
        ],
        [
            0.8666666666666667,
            1.0,
            1.0
        ],
        [
            0.9333333333333333,
            0.803921568627451,
            0.803921568627451
        ],
        [
            1.0,
            0.5019607843137255,
            0.5019607843137255
        ]
    ],
    "green": [
        [
            0.0,
            0.8,
            0.8
        ],
        [
            0.06666666666666667,
            0.8,
            0.8
        ],
        [
            0.13333333333333333,
            0.4,
            0.4
        ],
        [
            0.2,
            0.2,
            0.2
        ],
        [
            0.26666666666666666,
            1.0,
            1.0
        ],
        [
            0.3333333333333333,
            0.8,
            0.8
        ],
        [
            0.4,
            0.6,
            0.6
        ],
        [
            0.4666666666666667,
            1.0,
            1.0
        ],
        [
            0.5333333333333333,
            0.8,
            0.8
        ],
        [
            0.6,
            0.6,
            0.6
        ],
        [
            0.6666666666666666,
            0.4,
            0.4
        ],
        [
            0.7333333333333333,
            0.2,
            0.2
        ],
        [
            0.8,
            0.0,
            0.0
        ],
        [
            0.8666666666666667,
            0.0,
            0.0
        ],
        [
            0.9333333333333333,
            0.0,
            0.0
        ],
        [
            1.0,
            0.0,
            0.0
        ]
    ],
    "blue": [
        [
            0.0,
            0.8,
            0.8
        ],
        [
            0.06666666666666667,
            1.0,
            1.0
        ],
        [
            0.13333333333333333,
            1.0,
            1.0
        ],
        [
            0.2,
            0.8,
            0.8
        ],
        [
            0.26666666666666666,
            0.4,
            0.4
        ],
        [
            0.3333333333333333,
            0.4,
            0.4
        ],
        [
            0.4,
            0.0,
            0.0
        ],
        [
            0.4666666666666667,
            0.4,
            0.4
        ],
        [
            0.5333333333333333,
            0.2,
            0.2
        ],
        [
            0.6,
            0.0,
            0.0
        ],
        [
            0.6666666666666666,
            0.4,
            0.4
        ],
        [
            0.7333333333333333,
            0.2,
            0.2
        ],
        [
            0.8,
            0.0,
            0.0
        ],
        [
            0.8666666666666667,
            1.0,
            1.0
        ],
        [
            0.9333333333333333,
            0.803921568627451,
            0.803921568627451
        ],
        [
            1.0,
            0.5019607843137255,
            0.5019607843137255
        ]
    ],
    "alpha": [
        [
            0.0,
            1.0,
            1.0
        ],
        [
            0.06666666666666667,
            1.0,
            1.0
        ],
        [
            0.13333333333333333,
            1.0,
            1.0
        ],
        [
            0.2,
            1.0,
            1.0
        ],
        [
            0.26666666666666666,
            1.0,
            1.0
        ],
        [
            0.3333333333333333,
            1.0,
            1.0
        ],
        [
            0.4,
            1.0,
            1.0
        ],
        [
            0.4666666666666667,
            1.0,
            1.0
        ],
        [
            0.5333333333333333,
            1.0,
            1.0
        ],
        [
            0.6,
            1.0,
            1.0
        ],
        [
            0.6666666666666666,
            1.0,
            1.0
        ],
        [
            0.7333333333333333,
            1.0,
            1.0
        ],
        [
            0.8,
            1.0,
            1.0
        ],
        [
            0.8666666666666667,
            1.0,
            1.0
        ],
        [
            0.9333333333333333,
            1.0,
            1.0
        ],
        [
            1.0,
            1.0,
            1.0
        ]
    ],
    "cyclic": false,
    "gamma": 1.0
}